{"1": {"precision": 0.86, "recall": 0.85, "mrr_at_k": 0.86}, "5": {"precision": 0.187, "recall": 0.905, "mrr_at_k": 0.877833}, "10": {"precision": 0.101583, "recall": 0.94, "mrr_at_k": 0.88175}, "15": {"precision": 0.072019, "recall": 0.95, "mrr_at_k": 0.882464}, "20": {"precision": 0.056941, "recall": 0.95, "mrr_at_k": 0.882464}, "25": {"precision": 0.047941, "recall": 0.95, "mrr_at_k": 0.882464}, "30": {"precision": 0.047941, "recall": 0.95, "mrr_at_k": 0.882464}, "35": {"precision": 0.047941, "recall": 0.95, "mrr_at_k": 0.882464}, "40": {"precision": 0.047941, "recall": 0.95, "mrr_at_k": 0.882464}, "45": {"precision": 0.047941, "recall": 0.95, "mrr_at_k": 0.882464}, "50": {"precision": 0.047941, "recall": 0.95, "mrr_at_k": 0.882464}, "55": {"precision": 0.047941, "recall": 0.95, "mrr_at_k": 0.882464}, "60": {"precision": 0.047941, "recall": 0.95, "mrr_at_k": 0.882464}, "65": {"precision": 0.047941, "recall": 0.95, "mrr_at_k": 0.882464}, "70": {"precision": 0.047941, "recall": 0.95, "mrr_at_k": 0.882464}, "75": {"precision": 0.047941, "recall": 0.95, "mrr_at_k": 0.882464}, "80": {"precision": 0.047941, "recall": 0.95, "mrr_at_k": 0.882464}, "85": {"precision": 0.047941, "recall": 0.95, "mrr_at_k": 0.882464}, "90": {"precision": 0.047941, "recall": 0.95, "mrr_at_k": 0.882464}, "95": {"precision": 0.047941, "recall": 0.95, "mrr_at_k": 0.882464}, "100": {"precision": 0.047941, "recall": 0.95, "mrr_at_k": 0.882464}}